{"version":3,"hash":{"type":"Buffer","data":"3NjDzcve5aMxh7T9ydH1YhYBk3naL93SA5RDHs9f3svxiDgJlwcOi7sH9S7HH2qLNiz2Cy2BEd5zP1NL9zbDnwOXVjCsFmUtSSR6sYuOvsnmLqpK41qixmJYIaYz2d/FdD1xYf2WQ/N/yf3ag6X1uy48aEsFNLOunxE9sRFEBFQ="},"indexValueMap":{"NBs1p87kkD4WtZ6yXWtVLylhZQCDvjxJlghJtlHSld0=":{"valueMac":{"type":"Buffer","data":"995VcF3uhFLycP/E9ABv1vWHM8qfWul6hvdqTLpUlyA="}},"VKLkMPlkCsp4QF+t8qQWOhEvFc29zrjwI2eySTsByDo=":{"valueMac":{"type":"Buffer","data":"pNe049LyU467GzG1Hb8ImU59BKn1axG+bM+J8hBC2nA="}},"CkX0CpoA2DQpZ5u719gaY9td8rIgZajBXqno739MmwI=":{"valueMac":{"type":"Buffer","data":"mEGw39T9zkqieFnIWv4jDkQiGAtpKnY7lzh/O14XrzY="}},"vEQMoR14RZXXFYr5VTZAaXP+5igR03oZtRwftLrSVjk=":{"valueMac":{"type":"Buffer","data":"obbBZrx2dM97Pnv3xWWw2ymlqj3ALdezaT/0jLD5rbc="}},"OCOqFVW6bpoCVuGW6uZsAyy8BLro+sRGMm5bPaVchvQ=":{"valueMac":{"type":"Buffer","data":"iSUgD0JfhicHAVV1IrosdYIkEbh91614hNKrzxclNgk="}},"+AyUSJjYruSr8y09Su/Zzt1JbPpDZLldjp60ipap/XU=":{"valueMac":{"type":"Buffer","data":"s1IO/TK4igzKNxaL5Qzzaa16426PKEbuMBYmGAJmcCM="}},"ncgnkhDhyDgPTek2FvELN2qZh/NuRD7GR7sls6N0VS4=":{"valueMac":{"type":"Buffer","data":"CJW363IPTpG6pdFlnHfA06UJ+YT0af3HCMOyweJQT20="}},"5SJ6SWLgeCaVIScOsFZa5f/uLa3H8qTPNoD6Npc96Tw=":{"valueMac":{"type":"Buffer","data":"QxkLbfiqZt0f4g4TUWZMHFLVsh/iJy2wj5wL9RvBqjg="}},"K/iwG1Vy0+vLg2LA4eceFvDne3tlX09HvQSOE0ljRF4=":{"valueMac":{"type":"Buffer","data":"nqwNYyMR/+xAK1SgNoedbPVsMjw60qJb2lBxIyuGfiQ="}},"0wqZxXws5hsB11fIzGQxJPROtNqiZ9TK6Gmc8FwhK7U=":{"valueMac":{"type":"Buffer","data":"dUuTKsZMKlqTxevqSVnG+NmWSKZKjMAxQ5+ZAXwj5P4="}},"M/aZ2VcCHj9/x3MDRoEnbE5lYmhb5NwWnbq/I/EjmT0=":{"valueMac":{"type":"Buffer","data":"m+8z5Facs8l8MM9+vtqsySipr8zS7dWVySlvPfnmq/4="}},"B/BO/pzQq20wIQXXsEjvJJic0g27/yfMAM4A97U9pUI=":{"valueMac":{"type":"Buffer","data":"QuJiNdf8s0jdcQbszV3fn/EJIermFArwncoKLmUEJy8="}},"5RPxeOVq2o/2S6AfBG0wpDXQsY3jGz7PruD7K+VXqf4=":{"valueMac":{"type":"Buffer","data":"2oTHb2oPvyjqQUV3JaDQc8y8IgRe3iyuU3YV4C0BRW0="}},"pkhWcCpKJowzzd9754UpuMPPjszBWFnhY/YS3eRnXM8=":{"valueMac":{"type":"Buffer","data":"m/dvurIshhSDN2xUiErHaRz+trtHZl8ySZHkUn9/aIU="}},"6XPOiICMivejPTNwJTMpdBtqmkeIYUBjB0PgaRirdfc=":{"valueMac":{"type":"Buffer","data":"4nj+jCv5SWYn8JGi0a4g7m1pnFpeN5MXDI9enrcpSRk="}},"f77SJe0QBPAM088FXsxFY47HuOCsLosjvj6/TNRYDnQ=":{"valueMac":{"type":"Buffer","data":"6ohZ2FWWUnicgctaEscbzqr1Vz8DzP5FSk2VnFtCQ8U="}},"NgT4FDqdGP7tLuogFmZz36J0Jb9+LGnPzbZZnHO5FcE=":{"valueMac":{"type":"Buffer","data":"hesgPXou5hfeKbxim8X8mMiV3TnbjbkUIouz73mYfPc="}},"HjRfv97iTRkDMd2ZkfR9sqciMWanlBZx2QQwvX23OOM=":{"valueMac":{"type":"Buffer","data":"WBnnUTGpNYkcBcZ5csjnSPhtls8wAqxrXuG+NkHV/p8="}},"rhgXy90hEvHt0SlHeVuMsw43npPwVcXNjh88h9mqaf8=":{"valueMac":{"type":"Buffer","data":"ug4qmF/0wASOxb0WarFYkfbth2PJL1NV0vKIkT7dOfQ="}},"TnwDnrx97icOWVfypcAq/2GvmdtdQVqiuc3BUHYUphM=":{"valueMac":{"type":"Buffer","data":"rCpMiu/RQfYUSidGer3fpR5zVaph979iGr0QuAOEAJI="}},"yNscMOHBws/pENrajirPj4Qzn/Ga2YlXZmF9cqyesO8=":{"valueMac":{"type":"Buffer","data":"3WDhjlcg+e3nrcX4VVTk1jPL1ftabW1hVg+vlm9W0aI="}},"tl/M6WdxkIqrPrQ7n5Ssd+W+V8+lDZk7ewoUcxH4DRE=":{"valueMac":{"type":"Buffer","data":"p2KKrP+ZOQ29O/lVRZjA0MABbXkna2azUoFOWdWIb9w="}},"+KZPHGNsJyAhYDaV9whCXQxXOelQl/4vZOocuerfrk0=":{"valueMac":{"type":"Buffer","data":"v/pZuOnj8uul7hPcNIHU421UZaeVNvlg5wB4IYHsEoA="}},"dPcHi3Ek5bUaKJ22/Y2ZHuOXcgXIqt/766bKs25vKYs=":{"valueMac":{"type":"Buffer","data":"NkaF/hRuFfp57JLAaVIdoJwXogQyxY8mxbGyct7EPXo="}},"0UVxQwAfJ0SfZEjogesFdEIn0L2JUDr3OiEj0o2BJrE=":{"valueMac":{"type":"Buffer","data":"HonDak9WkYjAPEjtqiZaj2H7nPDax4o54WGOYR1gFL4="}},"nFDKeFMLlZygIQYK3biwHk+myJuZf/Wb6P/CIvWnwg4=":{"valueMac":{"type":"Buffer","data":"yokq7tMcvN2SxgXB1vt/rjV4gsp5KwrQRb7+n6bgHmU="}},"aXFe+mq+JOexhj1qYdeLgMrJKnFe+AdaKeHlbPWgdE4=":{"valueMac":{"type":"Buffer","data":"k96UjaOGDOq04XoLv00CiNL83BBn0APGzI0G14z168M="}},"1BYkGrfI4XKZ3Kj2/qzgeFG8idaBMOn+UXjYqynVHFM=":{"valueMac":{"type":"Buffer","data":"f/2sX9u4BgzwbQN1xmlKttMTZGsyIU4uc01OLm/nqVI="}},"r7pnc/6SRQRs1JbPZrIGHFV5OcZcZ72tgo/TfJO0Y6M=":{"valueMac":{"type":"Buffer","data":"ThwCUoQR1K25YYFE+duY63PkgIWb74iSKYv608ljpXQ="}},"OVxGusxiuCdgy6IRo4Vr6idntXoFeusYFAHdVN6GZEQ=":{"valueMac":{"type":"Buffer","data":"K2NIq4c+gZcxgZFk6k7BBqEUWyMh+Uk4dnOwmR9GF+c="}},"NrUECK9kd35Zxn6hvDv7nh+HOifyXz/Ie5LBEABGuJo=":{"valueMac":{"type":"Buffer","data":"dMZNxZblEyUClDaTXaRjiPfo+SA3+uwRQ8+DUBXtvrw="}},"3m4uulwteYxf024M5eBLqK54KG2ktV0ybUz9z7rlIOs=":{"valueMac":{"type":"Buffer","data":"PrtQjzXlgxeIQUCkWQjG7vHm5vKELXpO6ewln4OT6XI="}},"c4TurlbiauJuFNqhQuqoR2molar4Zazf8h7yt6WuDP8=":{"valueMac":{"type":"Buffer","data":"jiR4O3WHi5o8bosJGTrCJdZpOE0P+fc/CocUObOuvyk="}},"/HydtJXbAk9e1Kr/gknqQ0CWilvUyn6py2sQU7iQit0=":{"valueMac":{"type":"Buffer","data":"yYf0TA6zuQwDSEa6DYQxWVd71qzlaSvJ8CiAMgYMrLI="}},"c/YIKHuVTlGjsYyAl6064FD41peFwDzMCBNjlrDPqr8=":{"valueMac":{"type":"Buffer","data":"O7J4DvxX245bNzJB2adb44ckz6MTj0C81WxgP8ilAco="}},"sO/GCUz1yTm/yVNrOBuIQWWWiwrnGbDQDBkckT0f+98=":{"valueMac":{"type":"Buffer","data":"tefX/22rNVBWZA0MsMbxsBNw7XgjdLG67bbnm+jm8DM="}},"vHQTbyxEzycVs4xGhkhmAxA0xvoGeBMIt3XeFMQUUIs=":{"valueMac":{"type":"Buffer","data":"vz/QN5AO9cLroggEvkHv7HHdcusCgSbAPOlsTrkuERU="}},"u09C5tZKQ8ONNFvV9+C7SOlEq5fVFCFkoYdmb0uEMj0=":{"valueMac":{"type":"Buffer","data":"ns4jjiuT/k/RjcEesw7iVPJlVVQvf+iqdyObBGODdvI="}},"8QzVV0Rjudt0R0MB9lGb7ymmVzVEKrbo0cBZFvsrRts=":{"valueMac":{"type":"Buffer","data":"SpDwITBto12N4WWlnur+s0s5LyYWMzr06reS2zy/J04="}},"tXP0+F0hxXdqwmd9J8Eb0ugcwAkGYEgkb1mDj18vXAI=":{"valueMac":{"type":"Buffer","data":"/JtB/I337bk9CzBsA4Si2Wicf4D1uPYTbpujY9YqZYY="}},"UWYXVq5gvOhjmUxnJMid6u22HFmsOcRRGrjRqKIT9jU=":{"valueMac":{"type":"Buffer","data":"pVhN1/Df68w/C1u4qurA9vJ2V5fdPyuWZ6a7fBia2oI="}},"m1rMSP+Pr7S6SX09ltlOfFplLxfx5ShanfQsTy4OTeo=":{"valueMac":{"type":"Buffer","data":"EHnpKhscH83HiDE8sT5yN64X68UCe7o1jPaBsQLuQQY="}},"Ewg670uX3dgCvKkuDGscHX9lioXbXLxtxcSZ4tS8U3s=":{"valueMac":{"type":"Buffer","data":"2nF07Z5SDvw5CtOZ7nCN4xAOIrUfUI0S3wxhsO2ME/U="}},"3KVGJuAicTU5Pa8zPnxydRNrit5+I7n2KxRFAJ69ij0=":{"valueMac":{"type":"Buffer","data":"uPrB6zM+L6+PjCrit/LWHHEPb0sDCXvouW4D5nv5tHs="}},"erLfLTAuxXH22tAaIqu9RGKLQvt51xBjnxjmFUGlT8c=":{"valueMac":{"type":"Buffer","data":"DcrTjCnOIC3wuL6QUdpjjjwn6KI91yauf+6VRG/ac24="}},"fEyQCUaStXAGxlghKu/kv7ELmcpkJTJJSW31aBIIdMU=":{"valueMac":{"type":"Buffer","data":"NQueq/pkLt1i7omRqbsi4E0HFqvrNGn6AmtNVmEo0X0="}},"XUxWKvjFzgxfyzmqC+wVstjwrfTSZRhKbkJoNODHbXs=":{"valueMac":{"type":"Buffer","data":"uUsLsEn597upuEqcjJEr5pWe3UopR/SC3BHT6pOwkWk="}},"0ys6M5BlHAHkrm7PF+NVexar6n4bfbm4fCYViwfevUg=":{"valueMac":{"type":"Buffer","data":"JRFREFUbv76NXZDAqSU3t01n8pMdMWv3ml+llq9mw3I="}},"eGjgQ7GYkTc43fHQmD1g9wnxl8bfdVCap8BVo4/Ywdw=":{"valueMac":{"type":"Buffer","data":"dCX1Z8mtyqrSF6MjZcWU3IkgUz3qzj63VjQ3kanm5gA="}},"NA0VglD36Z9Yi78Iu21Aiw2LVGukV2yZ24neNDXggco=":{"valueMac":{"type":"Buffer","data":"0GiBtgmrOoWfD6HOlhFOhPrZm4NcAZ8qeWpSlidTYVg="}},"pqe4AlUJ/M0SL/Rw1ClUOZmzjlnlGgSHkw0q/JTEt8k=":{"valueMac":{"type":"Buffer","data":"3R1mks7pi8lcsLWdjwTezwxXHLSXnPZF/+rPS/aS75A="}},"EtAG58tmKo5UBHpvyhYG3XcrasClY+xUgqW/DkX9yQM=":{"valueMac":{"type":"Buffer","data":"RpcQBNSWl1++qMo/f24lL3wBp+RzpSmtZte3uoiMGZo="}},"ZGsJuF4A0vvjIerHQ5xzMWk7anaxEJAbm6zqEqWnW3E=":{"valueMac":{"type":"Buffer","data":"4HARbZc9V3J3ngsVk27pK1DmKshi1YbB+xg680A+J98="}},"7aS50NNFedtbVfRHtZ24tv8RwpVKUTzx1wVh5Ux/irs=":{"valueMac":{"type":"Buffer","data":"USPN7lZchlUlSHuL8A5GRBnyXXZ7AHf/ymFhTtIK6Mk="}},"1YaPSeOWQVApmovZtiOS/hCr+d6xRe8GY5SBBasrwW4=":{"valueMac":{"type":"Buffer","data":"z80yj3dp3nPhSXgYA1cnudk4UNVqCWjeWyWf6q7YUQ0="}},"uLIKnqu4NCO3+Jxkkxq7srElQTB7xXfdYjxIVHewaNs=":{"valueMac":{"type":"Buffer","data":"XS2bjXPLcb5aDExcijC3BOhrOgE0hhtZ+aXT8IGe5Bg="}},"1ISS9/fJlh5blNBCqeju8nvBUE0FolHAxkv6HPK4vr4=":{"valueMac":{"type":"Buffer","data":"R8F/5twVf7ZueIgcZN5PdEsdw190Ga5Xh9UoOrG3RqI="}},"NblngjLH8I/FtPiprsHUoGlqRfPDV6KM/tv1TlpKQs8=":{"valueMac":{"type":"Buffer","data":"QMCExOayU5aX19Dq8i1q40wY9b/E7Ha2KZWOTqO8orA="}},"42xAfNXfnFQMJyciC/JNi+uzXONyjbvZvK44Q6GIWk4=":{"valueMac":{"type":"Buffer","data":"G2qFjJYfP3wM+SZskaZ68TR4BBPOhqdorZa3z7XCCHk="}},"OV0FfTQEyTlqGcLVymu1kuB4/KImlyW++QsqW+TWsRY=":{"valueMac":{"type":"Buffer","data":"ijv1sh4LuX3/jCuSUKPQue5WebE89852BsUNC8wvN14="}},"6uetb0AzCPDdenMMCIk+WMJDhRTdTP2aKYMiqc6uk1w=":{"valueMac":{"type":"Buffer","data":"FvqZ2sCWWkMZ5xkX6darwFsptjhGkjMoK6RD6Bl3WVQ="}},"Z/6WS10roa5GMINYAHXDHFu4UkN/+jIsKN9LY3JuOaE=":{"valueMac":{"type":"Buffer","data":"c8VgY6orC1lkjR391sesrRn9o+JmBKFeiXyv2vWIEJw="}},"+e2rqAlaeKPNhMbyabI2SpVDJ3+srRaQ39S1bn15WoI=":{"valueMac":{"type":"Buffer","data":"TCFQ73ho7GowzTPmEd53B1WbmMDsSysJrkNEJn19fuU="}},"oYLLyLNwevhna9UpD8hz+2srFSvN/Cmct7Vj9CGdkCg=":{"valueMac":{"type":"Buffer","data":"gyWvusoAy82RYzQqEUQrkBk1Fqo2S2m6VPP61ByEc5s="}},"boDoBVn0s0iQhf8qIgF+Kfe9v1yJqznIfv6QBis52ko=":{"valueMac":{"type":"Buffer","data":"WmaXL/p7NmtHV4ZmOJ5ZVfNKDle4P9+V3JkcZiIMaa0="}},"JLoY2PR0B+E3vA70WgNegmmecnPipULCo+rA3qjOGVk=":{"valueMac":{"type":"Buffer","data":"itDx5biwLztmgSAboPsgO50QWw2Kso8NrmyXfdLODJc="}},"PmDSGP3oMyxlbXm8fV0oBcxOvj5LfMALw7eN/gqfVOo=":{"valueMac":{"type":"Buffer","data":"ORcC3IDRYhZkKUTyejUrC4zucS3fKUohkRBqjoW8Pdo="}},"arGVzDKlyribDSJ2D0KqGC9w0V9tNj4A1nWRcvg4LMs=":{"valueMac":{"type":"Buffer","data":"nmRG000aLYJFEs8o1s2/s3pkcyjLOBIIUCwm6ihRQvM="}},"xa3zAjUux80UvytPQSh2r7Wl2iQU6RawPM0Q2r/FUHA=":{"valueMac":{"type":"Buffer","data":"eW/F0Twj0gmzL92V88mJkstBPQ2m6DrRyzG4KjRT3xI="}},"vFj0mXtPPV2CkQ88ui8/+LdBIdicohrIIn1fKGaNdZA=":{"valueMac":{"type":"Buffer","data":"VqX4aSQArx9pOXzGNtHFaUFK3v+EWeAgsfv5/GQLNEk="}},"r1ghDZrfljPS+obs+1cLCJbN8rD7CFkjH3b4JOfQsQs=":{"valueMac":{"type":"Buffer","data":"SAwLUg+PM5BA9KGkS8H16Z2VFt4sh1+6Flor189/2Qo="}},"y6SMoSUewKMHY7dW9XEG42ImUpxU/5xMfdVAnUW+06A=":{"valueMac":{"type":"Buffer","data":"X1QcCUTsrdqZUV1C3a2FTp5BgO9QIvvWSoDzGwLCLkM="}},"GqNffS6iocE0vI2F/v6ztdZmIWbvweKwR2JKqh1z/Bg=":{"valueMac":{"type":"Buffer","data":"Tpk0LHSi+bzF2z3RFQ9TzIZnstdNzVznTuYpvIx8ZRI="}},"N7wa1raWP3iv+EKXc2vuezbXxz8KZg5xS+oVWARUxic=":{"valueMac":{"type":"Buffer","data":"9kR74ekClIyjgnkv9FcEBbHlK63n+rgZybGqRgru8RE="}},"7tPgg1wkSyO0/0AlU2ilLZSr9hZgL01b2xplOSkJIho=":{"valueMac":{"type":"Buffer","data":"sJ8VHEuXNKK5LV92UMozoWtMZg+etjEfaZdCfXeifNk="}},"Mxxovz+1sOX88aocFtn7dJLtruSdmc9RWBMzWnq2Lf4=":{"valueMac":{"type":"Buffer","data":"WToAfkYp9gTVk9NVGFGh6JHSAfcwx70vsc5Lq/u9xfY="}},"WNqgqjJvuCtsQT6luaEngbNPAW95moEjVSdidAAi+zY=":{"valueMac":{"type":"Buffer","data":"cTI/QsTK3r9EItuWPoxbNQH9xMnNEu0XcYyg3NnmrA0="}},"DnkXWoU0mI30+7W5nzzOitcGlkCv/VhQ774Sy9gpSZM=":{"valueMac":{"type":"Buffer","data":"1/wjprjbsMfTKSwXBl7lmPW2LtwgiYDimsdOXMMckV4="}},"CQLG9k1H9NSmPq/o8glbAFGso0yKZ8a562VNJJXZAAI=":{"valueMac":{"type":"Buffer","data":"D5ezSzGR09MOczhkjkrdoYSJzISCCm2ZbOADbTNDltM="}},"7OvTzxAgF0dxoZxwBIsTZf6/1piCTeVAfVNCN3TGN4k=":{"valueMac":{"type":"Buffer","data":"jaCd1t9QJVDNLIRYU1fCUidcAjcTfGRZS9AjsRGcv7Q="}},"u214MFURodkGdoTjbnbuxxvjDFCSqICfSF/5Xj4HPXM=":{"valueMac":{"type":"Buffer","data":"Mq44JIjlauPpPmrDTox1V6V/hqFQgQFS/igCdPEdSnQ="}},"Yohi2MF71Z/onXkF04gR8o/yA3XpWw7Sg2qKJf92b8E=":{"valueMac":{"type":"Buffer","data":"6rrCeFGEZypOzpb8AGajBudLavaP0GYRNPsIhxdyRr8="}},"XkvebYztY/5BpXMeUKGwDKuzYW9OVYRlolpMHPy+yiU=":{"valueMac":{"type":"Buffer","data":"muEvunmDaIn4QL+PHHrSlueZtMCGJh6D9nZ21FEJO0U="}},"haOM0HrnM6Dqt+ftbKCeAhtrLur0XLmfUw4yx0qCDB8=":{"valueMac":{"type":"Buffer","data":"yz3TJWd+6FHobR12Xy+CKd2FxTQSs35TN7l5QAIMCTc="}},"ja4vw2Y4Zb6t6rl05V4xjbgHVFo0AOlVv1Pb9hKQmes=":{"valueMac":{"type":"Buffer","data":"+Ai6BpJfbuctpajT8UNCgtJ9AvZVzGzupkBcHvfy7AA="}},"v06L6WlMRtbhyUArmW3SUSPSlLysPphMmgyOIVJjtPQ=":{"valueMac":{"type":"Buffer","data":"4LGOl/W1nf6YnoIIVkOOb9X9bi4St13HN1VAk6jQkJ8="}},"5i3ehUFV7kLUePSbOVhN5XOH91s4HaBjeUzFNmZg3X0=":{"valueMac":{"type":"Buffer","data":"cGdwE/aL4uKlbpPcpMSQ7SjJrfnrrUh6o4oX9exnAwk="}},"GA+5PNvltPZhepqGYZUBJhfAWoRopC57xg5oUWrL1vg=":{"valueMac":{"type":"Buffer","data":"HOyU76zKU3bdf8xkKOYsarUx+oSkXxMEQA0ws1wLxoE="}},"6XIyJtikG3dE8ydO4+mp2O/NMLOgsBuLQvXCdm0tsrY=":{"valueMac":{"type":"Buffer","data":"hIQvQSZTZO6rQq2vYIFJ22ZYkE73RRyKtppovg9YzO8="}},"r+j4trw5nHAVGijRkbEEgv0HUw1QTIWyKV6/VQzViyQ=":{"valueMac":{"type":"Buffer","data":"3+HV0a+lV/j5Dkj8mjYXXXiQjSakuQf9sihrslGb7iU="}}}}