{"version":3,"hash":{"type":"Buffer","data":"LVSs0zhg8Oeu9XkXbgIaVEcjnowkAfQh2XB1iTm4W7Zzy2YjDc3n+02bmQD5bPkeEJAaJBgD5QTn4L03Ixw5Drr9K7YHoo/p3E2KhmNhe4AMyhD2W/Zreu3VAqcdl5hkkzx58tMg1Z20md740FyqaxlwrmlOjapv0UllAkN2PoA="},"indexValueMap":{"abcexJuc3PL0c0P4nZDleLxHwVlYVIv6lkHhECA4iSY=":{"valueMac":{"type":"Buffer","data":"1eLSjIea5tYPoo5dPl8pbOwBviRN4BJstK2oCxQSzns="}},"gK/JDUlbpM1k0ZYkPikrDaWPAQmxB7qkN/uCp3yMUfY=":{"valueMac":{"type":"Buffer","data":"AVUmQp21vHbj/nB6Tj1sYm54AVIWD1RTmdSfM9HvMbE="}}}}