{"version":9,"hash":{"type":"Buffer","data":"0QDFWtpRG5vrE+igoYguF+bh+VepUp2kXQJo2ARJ2nypvq42vSTTclBcjbjwHuCA7XoT5/EwFSJlqFHd/jNNVzIVMPZwDX/u9JTP6DetoEoIWxj7713b+4hxfT7KMzvt8AEkpoGobUr7d8SLwdaH4F4A3/R0cbYEzpw757Xrw18="},"indexValueMap":{"SRQGp/NX6PXyWqYNTgd5ANMmUiI3l7r+x9hko4P5yf8=":{"valueMac":{"type":"Buffer","data":"CCoIY0Iq3DWiRKNpIISdiPLgSk2oWLNQ2BShKUPO4r0="}},"eYt7dAwSwTlcRecY+orvcJxaBYYpdoU1QmYOo7/KC74=":{"valueMac":{"type":"Buffer","data":"yuxz9TDNbK7FUe9Cp9/T+uqrq2qMTW1ISv6/n+OXlH8="}},"8w0+TaCBp0Lsk+AHK3FMZYNPvM89lzsFTEnVhvKTtP0=":{"valueMac":{"type":"Buffer","data":"00xMmt1zTW1dFlt62X/BBGUuelPsDHeaBstpQiXEVSg="}},"iUd2C5LJHgNcDrAu091w59BKYUVOmP/Q5+y/6JeHln0=":{"valueMac":{"type":"Buffer","data":"phDjAU+9S0JnZzyp6C71G8c8dA1hlMokh2JsH6GgQnE="}},"HZLCZtEexCihQHC7w8gvpLe71YTcT1TGF6ZThbasOg4=":{"valueMac":{"type":"Buffer","data":"1QjVV/Tfq6o/68vtNeUDuacP3g/7u3B+u7rVuiSWY2g="}},"h/tQPGxPy21rtAnZiwUrvF7CXpBzt3DQ7DyDyKxQ7L0=":{"valueMac":{"type":"Buffer","data":"OnqBF0sX8o0jcq8LXcxhg59uLONClZmH2xozB/h/1EM="}},"OX2t8PAttdoxdmrBO3bHonwOgBQsVPvGIAGF1n7SdT4=":{"valueMac":{"type":"Buffer","data":"h2+4MlwHx/Xn2of/z6r2bCkwBFa8d4TpyAyxMueYcgg="}},"MNBi+NXKffwakgYgyNBQ7MHPoQy4r45sL+ZLroMPsCQ=":{"valueMac":{"type":"Buffer","data":"I6bLgyA6wfH+gsCy5jsx84uym8G6w9NCnXQX4W6NyRA="}},"GqAFGkmP3LR4TaHl/tI2T7h639urZ42ZfVDQtBcWhm4=":{"valueMac":{"type":"Buffer","data":"pOll1+TrG9CVvtaJqMFSpYz+JGhme4p1usE+Y0OaTGk="}},"TJtISNqfMYUmTcfr71O3AhWgjg2WEGBZLv1Tv0LkpzQ=":{"valueMac":{"type":"Buffer","data":"epxDYYs/xHKZ+PdzuX1lCgJqy1EV5tn2h68JubRNaIE="}}}}