{"_sessions":{"Bd1kJrshUNwTkXX/M7cC7Md5S6xFc5hvngOnf9pRh7x9":{"registrationId":221515067,"currentRatchet":{"ephemeralKeyPair":{"pubKey":"BY5Hog5Pwt/I2ZQUxThPAMO0yGQXCv5w00/Q6ipOQ4V+","privKey":"2E0Qxxqk6il9JNuSg4AXXdEhro08sOilnHLw6tM9LVk="},"lastRemoteEphemeralKey":"BbZRpW5A6kM4ylCt4pN9/anDFyKowJWYKGpC6He/mlQV","previousCounter":0,"rootKey":"VF1Osr+MDtXuyAg/H1LmymXuW3CkVjNEB4YfoWjtk5w="},"indexInfo":{"baseKey":"Bd1kJrshUNwTkXX/M7cC7Md5S6xFc5hvngOnf9pRh7x9","baseKeyType":2,"closed":-1,"used":1666835252106,"created":1666834993208,"remoteIdentityKey":"BZenfWEYVTJ/cUyvdEe/dKOGWIkzd9qxxGRDDrT9z5wT"},"_chains":{"BZLOPNmQm+WmX9jIVz4KRkM4YFMf2LJqY/BnMdauYOcc":{"chainKey":{"counter":5},"chainType":2,"messageKeys":{}},"BYpCp1TjaX5hFrjA1rfHvtDo/xXZmtcd5R/e72DDYe87":{"chainKey":{"counter":0},"chainType":2,"messageKeys":{}},"BR3zbF0FeUV5qEAiZZchsIChBRKOWpNj3kyltP8UBhUD":{"chainKey":{"counter":0},"chainType":2,"messageKeys":{}},"BbZRpW5A6kM4ylCt4pN9/anDFyKowJWYKGpC6He/mlQV":{"chainKey":{"counter":1,"key":"FMSG+cgmjI9BWJcro/F6NvCrDmFAuQQgMBvvYULy3sk="},"chainType":2,"messageKeys":{}},"BY5Hog5Pwt/I2ZQUxThPAMO0yGQXCv5w00/Q6ipOQ4V+":{"chainKey":{"counter":0,"key":"YCJ2L/+9ktrAFQGaS4/C3/4UdVLuyQyyMC256oWJuNw="},"chainType":1,"messageKeys":{}}}}},"version":"v1"}