{"_sessions":{"BeFaLiK72ox8XgQj6+BqQ8PmZpFXJOVkFbOGK1ZqF5xW":{"registrationId":36,"currentRatchet":{"ephemeralKeyPair":{"pubKey":"Bck9NjF6l0VNPQthmWChA/41xfnBqK6prAfr+fAq29NK","privKey":"QHEYYIn4XHQ/14fbdLSGw+0xn56MCBoUIZxWkHHLy3A="},"lastRemoteEphemeralKey":"BXrM3L1Cri1hidgo7s9T3dCE9t6qpss50AltUdbBLE0M","previousCounter":0,"rootKey":"yrF4HGd23atA9WbyC+wCl1yOkj6/J9tYq26jTAKlHSU="},"indexInfo":{"baseKey":"BeFaLiK72ox8XgQj6+BqQ8PmZpFXJOVkFbOGK1ZqF5xW","baseKeyType":2,"closed":-1,"used":1666835256344,"created":1666834991120,"remoteIdentityKey":"BW0dSY9bJKGQBip2bqnEdzL6RaiGM7RbU428rPpItZNa"},"_chains":{"BbO7CTb8yhhEuyVFnx71uQpS5i2ONK9eTxL+R6HCFKJP":{"chainKey":{"counter":2},"chainType":2,"messageKeys":{}},"BesqccuoRODrpTkNBAMoQljOvZVI/1ANi9gczhR8+qZg":{"chainKey":{"counter":1},"chainType":2,"messageKeys":{}},"BXrM3L1Cri1hidgo7s9T3dCE9t6qpss50AltUdbBLE0M":{"chainKey":{"counter":0,"key":"S3WYMs7vEOPlfVrfHJOm6vQPeJ5aY7uhwGO6Fevu9sU="},"chainType":2,"messageKeys":{}},"Bck9NjF6l0VNPQthmWChA/41xfnBqK6prAfr+fAq29NK":{"chainKey":{"counter":0,"key":"mTn299WrEZgxopqBvLwgsC5qTOaifD+5FXV7uZKs1D8="},"chainType":1,"messageKeys":{}}}}},"version":"v1"}